<?xml version="1.0" encoding="ISO-8859-1"?>
<!DOCTYPE TOUCHGRAPH_LB [

<!ELEMENT TOUCHGRAPH_LB (NODESET, EDGESET, PARAMETERS)>
<!ELEMENT NODESET (NODE+)>
<!ELEMENT EDGESET (EDGE*)>
<!ELEMENT PARAMETERS (PARAM*)>

<!ELEMENT NODE (NODE_LOCATION?, NODE_LABEL?, NODE_URL?, NODE_HINT?)>

<!ELEMENT NODE_LABEL EMPTY>
<!ELEMENT NODE_URL EMPTY>
<!ELEMENT NODE_HINT EMPTY>

<!ATTLIST TOUCHGRAPH_LB
  version CDATA #REQUIRED >

<!ATTLIST NODE
  nodeID CDATA #REQUIRED >

<!ATTLIST NODE_LOCATION
  visible CDATA #IMPLIED
  x CDATA #IMPLIED
  y CDATA #IMPLIED >

<!ATTLIST NODE_LABEL
  label CDATA #REQUIRED 
  shape CDATA #IMPLIED
  backColor CDATA #IMPLIED 
  textColor CDATA #IMPLIED
  fontSize CDATA #IMPLIED >

<!ATTLIST NODE_URL 
  url CDATA #REQUIRED 
  urlIsLocal CDATA #IMPLIED 
  urlIsXML CDATA #IMPLIED >

<!ATTLIST NODE_HINT 
  hint CDATA #REQUIRED 
  height CDATA #IMPLIED 
  width CDATA #IMPLIED 
  isHTML CDATA #IMPLIED >  

<!ELEMENT EDGE EMPTY>

<!ATTLIST EDGE
  fromID CDATA #REQUIRED
  toID CDATA #REQUIRED 
  length CDATA #IMPLIED 
  color CDATA #IMPLIED 
  type CDATA #IMPLIED
  visible CDATA #IMPLIED >

<!ELEMENT PARAM EMPTY>

<!ATTLIST PARAM
  name CDATA #REQUIRED
  value CDATA #REQUIRED >
]>
<TOUCHGRAPH_LB version="1.20">
    <NODESET>
        <NODE nodeID="AutoID 1011030703720">
            <NODE_LOCATION x="0" y="0" visible="true"/>
            <NODE_LABEL label="Referenced XML File" shape="1" backColor="0000E0" textColor="FFFFFF" fontSize="12"/>
            <NODE_URL url="InitialXML.xml" urlIsLocal="true" urlIsXML="true"/>
            <NODE_HINT hint="&lt;font color=&quot;#0000E0&quot;&gt;&lt;b&gt;This&lt;/b&gt;&lt;/font&gt; is the only node in a &lt;b&gt;separate xml file&lt;/b&gt; (OtherXML.xml).  You can go back to the InitialXML file (InitialXML.xml) by either clicking this node (when selected) or pressing the &lt;b&gt;back button&lt;/b&gt;. (At the top left hand corner of the screen)" width="300" height="-1" isHTML="true"/>
        </NODE>
    </NODESET>
    <EDGESET/>
    <PARAMETERS>
        <PARAM name="offsetX" value="0"/>
        <PARAM name="rotateSB" value="0"/>
        <PARAM name="zoomSB" value="-10"/>
        <PARAM name="offsetY" value="0"/>
    </PARAMETERS>
</TOUCHGRAPH_LB>
